insert into post_office (office_id, address, province, forward_section_area) values ('1', '34 Manitowish Pass', 'QC', 'H8N');
insert into post_office (office_id, address, province, forward_section_area) values ('2', '6 Bay Center', 'ON', 'L4T');
insert into post_office (office_id, address, province, forward_section_area) values ('3', '1910 Loeprich Hill', 'BC', 'V5K');
insert into post_office (office_id, address, province, forward_section_area) values ('4', '61774 Village Green Street', 'QC', 'G1A');
insert into post_office (office_id, address, province, forward_section_area) values ('5', '10 Logan Court', 'ON', 'K1A');

insert into post_employee (emp_id, first_name, last_name, role, dayoff, phone_number, email) values ('1', 'Lewes', 'Putton', 'carrier', null, '486-625-1731', 'lputton0@microsoft.com');
insert into post_employee (emp_id, first_name, last_name, role, dayoff, phone_number, email) values ('2', 'Lindsey', 'Housen', 'carrier', null, '748-893-2121', 'lhousen1@dedecms.com');
insert into post_employee (emp_id, first_name, last_name, role, dayoff, phone_number, email) values ('3', 'Dollie', 'Giacoppoli', 'clerk', null, '207-719-3100', 'dgiacoppoli2@jiathis.com');
insert into post_employee (emp_id, first_name, last_name, role, dayoff, phone_number, email) values ('4', 'Toby', 'Byas', 'postmaster', null, '281-107-2178', 'tbyas3@dmoz.org');
insert into post_employee (emp_id, first_name, last_name, role, dayoff, phone_number, email) values ('5', 'Blythe', 'Grundell', 'carrier', null, '216-168-6721', 'bgrundell4@51.la');
insert into post_employee (emp_id, first_name, last_name, role, dayoff, phone_number, email) values ('6', 'Jolie', 'Ginley', 'carrier', null, '254-346-5293', 'jginley5@nytimes.com');
insert into post_employee (emp_id, first_name, last_name, role, dayoff, phone_number, email) values ('7', 'Hagan', 'McCarl', 'clerk', null, '919-919-8140', 'hmccarl6@vk.com');
insert into post_employee (emp_id, first_name, last_name, role, dayoff, phone_number, email) values ('8', 'Lorie', 'Greader', 'postmaster', null, '868-129-4366', 'lgreader7@ft.com');
insert into post_employee (emp_id, first_name, last_name, role, dayoff, phone_number, email) values ('9', 'Cole', 'Grigoryov', 'carrier', null, '849-609-7120', 'cgrigoryov8@domainmarket.com');
insert into post_employee (emp_id, first_name, last_name, role, dayoff, phone_number, email) values ('10', 'Bunnie', 'McQuillin', 'carrier', null, '888-782-5177', 'bmcquillin9@ebay.co.uk');
insert into post_employee (emp_id, first_name, last_name, role, dayoff, phone_number, email) values ('11', 'Dasya', 'Ratie', 'clerk', null, '411-636-5529', 'dratiea@github.com');
insert into post_employee (emp_id, first_name, last_name, role, dayoff, phone_number, email) values ('12', 'Jennifer', 'Lowten', 'postmaster', null, '457-152-9559', 'jlowtenb@ucoz.com');
insert into post_employee (emp_id, first_name, last_name, role, dayoff, phone_number, email) values ('13', 'Silvain', 'O''Dowling', 'carrier', null, '616-432-7004', 'sodowlingc@shutterfly.com');
insert into post_employee (emp_id, first_name, last_name, role, dayoff, phone_number, email) values ('14', 'Jilleen', 'Zemler', 'carrier', null, '368-739-7348', 'jzemlerd@discovery.com');
insert into post_employee (emp_id, first_name, last_name, role, dayoff, phone_number, email) values ('15', 'Camellia', 'Grint', 'clerk', null, '976-203-8264', 'cgrinte@phoca.cz');
insert into post_employee (emp_id, first_name, last_name, role, dayoff, phone_number, email) values ('16', 'Cariotta', 'Jahn', 'postmaster', null, '851-697-7164', 'cjahnf@fda.gov');
insert into post_employee (emp_id, first_name, last_name, role, dayoff, phone_number, email) values ('17', 'Fanni', 'Leeman', 'carrier', null, '591-695-7291', 'fleemang@usgs.gov');
insert into post_employee (emp_id, first_name, last_name, role, dayoff, phone_number, email) values ('18', 'Saunders', 'Spry', 'carrier', null, '501-863-1163', 'sspryh@house.gov');
insert into post_employee (emp_id, first_name, last_name, role, dayoff, phone_number, email) values ('19', 'Corabel', 'Alldis', 'clerk', null, '709-562-7978', 'calldisi@macromedia.com');
insert into post_employee (emp_id, first_name, last_name, role, dayoff, phone_number, email) values ('20', 'Xylina', 'Klehyn', 'postmaster', null, '993-271-1419', 'xklehynj@eepurl.com');

insert into office_room (office_id, emp_id, room_number) values ('1', '1', '101');
insert into office_room (office_id, emp_id, room_number) values ('1', '2', '205');
insert into office_room (office_id, emp_id, room_number) values ('1', '3', '311');
insert into office_room (office_id, emp_id, room_number) values ('1', '4', '483');
insert into office_room (office_id, emp_id, room_number) values ('2', '5', '535');
insert into office_room (office_id, emp_id, room_number) values ('2', '6', '616');
insert into office_room (office_id, emp_id, room_number) values ('2', '7', '146');
insert into office_room (office_id, emp_id, room_number) values ('2', '8', '156');
insert into office_room (office_id, emp_id, room_number) values ('3', '9', '196');
insert into office_room (office_id, emp_id, room_number) values ('3', '10', '296');
insert into office_room (office_id, emp_id, room_number) values ('3', '11', '111');
insert into office_room (office_id, emp_id, room_number) values ('3', '12', '182');
insert into office_room (office_id, emp_id, room_number) values ('4', '13', '164');
insert into office_room (office_id, emp_id, room_number) values ('4', '14', '531');
insert into office_room (office_id, emp_id, room_number) values ('4', '15', '143');
insert into office_room (office_id, emp_id, room_number) values ('4', '16', '143');
insert into office_room (office_id, emp_id, room_number) values ('5', '17', '612');
insert into office_room (office_id, emp_id, room_number) values ('5', '18', '742');
insert into office_room (office_id, emp_id, room_number) values ('5', '19', '212');
insert into office_room (office_id, emp_id, room_number) values ('5', '20', '201');

insert into schedule (schedule_id, start_time, end_time, emp_id, office_id) values ('1', SYSDATE, null, '1', '1');
insert into schedule (schedule_id, start_time, end_time, emp_id, office_id) values ('2', SYSDATE, null, '2', '1');
insert into schedule (schedule_id, start_time, end_time, emp_id, office_id) values ('3', SYSDATE, null, '5', '2');
insert into schedule (schedule_id, start_time, end_time, emp_id, office_id) values ('4', SYSDATE, null, '6', '2');
insert into schedule (schedule_id, start_time, end_time, emp_id, office_id) values ('5', SYSDATE, null, '9', '3');
insert into schedule (schedule_id, start_time, end_time, emp_id, office_id) values ('6', SYSDATE, null, '10', '3');
insert into schedule (schedule_id, start_time, end_time, emp_id, office_id) values ('7', SYSDATE, null, '13', '4');
insert into schedule (schedule_id, start_time, end_time, emp_id, office_id) values ('8', SYSDATE, null, '14', '4');
insert into schedule (schedule_id, start_time, end_time, emp_id, office_id) values ('9', SYSDATE, null, '17', '5');
insert into schedule (schedule_id, start_time, end_time, emp_id, office_id) values ('10', SYSDATE, null, '18', '5');

insert into vehicle (vehicle_id, plate_number, status, office_id, schedule_id) values ('1', 'fc9 3ce', 'available', '1', '1');
insert into vehicle (vehicle_id, plate_number, status, office_id, schedule_id) values ('2', '8a9 841', 'available', '1', '2');
insert into vehicle (vehicle_id, plate_number, status, office_id, schedule_id) values ('3', '087 b9a', 'available', '2', '3');
insert into vehicle (vehicle_id, plate_number, status, office_id, schedule_id) values ('4', 'adf 630', 'available', '2', '4');
insert into vehicle (vehicle_id, plate_number, status, office_id, schedule_id) values ('5', '2f6 161', 'available', '3', '5');
insert into vehicle (vehicle_id, plate_number, status, office_id, schedule_id) values ('6', '4bb dda', 'available', '3' '6');
insert into vehicle (vehicle_id, plate_number, status, office_id, schedule_id) values ('7', 'e74 8a9', 'available', '4', '7');
insert into vehicle (vehicle_id, plate_number, status, office_id, schedule_id) values ('8', '525 fdc', 'available', '4', '8');
insert into vehicle (vehicle_id, plate_number, status, office_id, schedule_id) values ('9', '332 85b', 'available', '5', '9');
insert into vehicle (vehicle_id, plate_number, status, office_id, schedule_id) values ('10', 'c1f 945', 'available', '5', '10');
insert into vehicle (vehicle_id, plate_number, status, office_id, schedule_id) values ('11', 'c2f 945', 'decommissioned', '1', null);
insert into vehicle (vehicle_id, plate_number, status, office_id, schedule_id) values ('12', 'd3f 945', 'decommissioned', '2', null);
insert into vehicle (vehicle_id, plate_number, status, office_id, schedule_id) values ('13', 'e4f 945', 'decommissioned', '3', null);
insert into vehicle (vehicle_id, plate_number, status, office_id, schedule_id) values ('14', 'f5f 945', 'decommissioned', '4', null);
insert into vehicle (vehicle_id, plate_number, status, office_id, schedule_id) values ('15', 'g6f 945', 'decommissioned', '5', null);

insert into route (route_id, name, last_delivery, status, schedule_id) values ('1', 'Manitowish Pass', null, 'not started', '1');
insert into route (route_id, name, last_delivery, status, schedule_id) values ('2', 'Manitowish Pass2', null, 'not started', '2');
insert into route (route_id, name, last_delivery, status, schedule_id) values ('3', 'Bay Center', null, 'not started', '3');
insert into route (route_id, name, last_delivery, status, schedule_id) values ('4', 'Bay Center2', null, 'not started', '4');
insert into route (route_id, name, last_delivery, status, schedule_id) values ('5', 'Loeprich Hill', null, 'not started', '5');
insert into route (route_id, name, last_delivery, status, schedule_id) values ('6', 'Loeprich Hill2', null, 'not started', '6');
insert into route (route_id, name, last_delivery, status, schedule_id) values ('7', 'Village Green Street', null, 'not started', '7');
insert into route (route_id, name, last_delivery, status, schedule_id) values ('8', 'Village Green Street2', null, 'not started', '8');
insert into route (route_id, name, last_delivery, status, schedule_id) values ('9', 'Logan Court', null, 'not started', '9');
insert into route (route_id, name, last_delivery, status, schedule_id) values ('10', 'Logan Court2',null, 'not started', '10');
insert into route (route_id, name, last_delivery, status, schedule_id) values ('11', 'Manitowish Pass3', null, 'not started', '1');
insert into route (route_id, name, last_delivery, status, schedule_id) values ('12', 'Bay Center3', null, 'not started', '2');
insert into route (route_id, name, last_delivery, status, schedule_id) values ('13', 'Loeprich Hill3', null, 'not started', '3');
insert into route (route_id, name, last_delivery, status, schedule_id) values ('14', 'Village Green Street3', null, 'not started', '4');
insert into route (route_id, name, last_delivery, status, schedule_id) values ('15', 'Logan Court3', null, 'not started', '5');

insert into postal_code (code, province, city, route_id) values ('H8N 3C4', 'QC', 'Montreal', '1');
insert into postal_code (code, province, city, route_id) values ('H8N 3E1', 'QC', 'Montreal', '1');
insert into postal_code (code, province, city, route_id) values ('H8N 8T1', 'QC', 'Montreal', '2');
insert into postal_code (code, province, city, route_id) values ('H8N 0I0', 'QC', 'Montreal', '2');
insert into postal_code (code, province, city, route_id) values ('H8N 4C4', 'QC', 'Montreal', '1');
insert into postal_code (code, province, city, route_id) values ('H8N 4E1', 'QC', 'Montreal', '2');
insert into postal_code (code, province, city, route_id) values ('H8N 9T1', 'QC', 'Montreal', '11');
insert into postal_code (code, province, city, route_id) values ('H8N 0I1', 'QC', 'Montreal', '12');
insert into postal_code (code, province, city, route_id) values ('L4T 4H6', 'ON', 'Toronto', '3');
insert into postal_code (code, province, city, route_id) values ('L4T 1H1', 'ON', 'Toronto', '3');
insert into postal_code (code, province, city, route_id) values ('L4T 4H5', 'ON', 'Toronto', '4');
insert into postal_code (code, province, city, route_id) values ('L4T 4H7', 'ON', 'Toronto', '4');
insert into postal_code (code, province, city, route_id) values ('L4T 4I6', 'ON', 'Toronto', '3');
insert into postal_code (code, province, city, route_id) values ('L4T 1I1', 'ON', 'Toronto', '4');
insert into postal_code (code, province, city, route_id) values ('L4T 4I5', 'ON', 'Toronto', '13');
insert into postal_code (code, province, city, route_id) values ('L4T 4I7', 'ON', 'Toronto', '14');
insert into postal_code (code, province, city, route_id) values ('V5K 1B3', 'BC', 'Vancouver', '5');
insert into postal_code (code, province, city, route_id) values ('V5K 1B2', 'BC', 'Vancouver', '5');
insert into postal_code (code, province, city, route_id) values ('V5K 1B5', 'BC', 'Vancouver', '6');
insert into postal_code (code, province, city, route_id) values ('V5K 1B4', 'BC', 'Vancouver', '6');
insert into postal_code (code, province, city, route_id) values ('V5K 1C3', 'BC', 'Vancouver', '5');
insert into postal_code (code, province, city, route_id) values ('V5K 1C2', 'BC', 'Vancouver', '6');
insert into postal_code (code, province, city, route_id) values ('V5K 1C5', 'BC', 'Vancouver', '15');
insert into postal_code (code, province, city, route_id) values ('V5K 1C4', 'BC', 'Vancouver', '15');
insert into postal_code (code, province, city, route_id) values ('G1A 5U1', 'QC', 'Quebec City', '7');
insert into postal_code (code, province, city, route_id) values ('G1A 5U2', 'QC', 'Quebec City', '7');
insert into postal_code (code, province, city, route_id) values ('G1A 5U3', 'QC', 'Quebec City', '8');
insert into postal_code (code, province, city, route_id) values ('G1A 5U4', 'QC', 'Quebec City', '8');
insert into postal_code (code, province, city, route_id) values ('G1A 5X1', 'QC', 'Quebec City', '7');
insert into postal_code (code, province, city, route_id) values ('G1A 4X2', 'QC', 'Quebec City', '8');
insert into postal_code (code, province, city, route_id) values ('G1A 8X3', 'QC', 'Quebec City', '8');
insert into postal_code (code, province, city, route_id) values ('G1A 9X4', 'QC', 'Quebec City', '8');
insert into postal_code (code, province, city, route_id) values ('K1A 5N6', 'ON', 'Ottawa', '9');
insert into postal_code (code, province, city, route_id) values ('K1A 5N7', 'ON', 'Ottawa', '9');
insert into postal_code (code, province, city, route_id) values ('K1A 5N8', 'ON', 'Ottawa', '10');
insert into postal_code (code, province, city, route_id) values ('K1A 5N9', 'ON', 'Ottawa', '10');
insert into postal_code (code, province, city, route_id) values ('K1A 5M6', 'ON', 'Ottawa', '9');
insert into postal_code (code, province, city, route_id) values ('K1A 6M7', 'ON', 'Ottawa', '10');
insert into postal_code (code, province, city, route_id) values ('K1A 9M8', 'ON', 'Ottawa', '10');
insert into postal_code (code, province, city, route_id) values ('K1A 8M9', 'ON', 'Ottawa', '10');

insert into registeredmail (mail_id, weight, postage, status, delivery_address, return_address, delivery_country, delivery_code, return_code) values ('1', 0.25, 1.00, 'waiting', '58 Pawling Alley', '757 Oak Road', 'canada', 'H8N 3C4', 'H8N 3E1');
insert into registeredmail (mail_id, weight, postage, status, delivery_address, return_address, delivery_country, delivery_code, return_code) values ('2', 0.25, 2.25, 'waiting', '7 Florence Avenue', '94 Ramsey Parkway',  'canada', 'H8N 3C4', 'H8N 3E1');
insert into registeredmail (mail_id, weight, postage, status, delivery_address, return_address, delivery_country, delivery_code, return_code) values ('3', 15.00, 3.43, 'waiting', '805 Clyde Gallagher Drive', '7 Melrose Hill', 'canada', 'H8N 3E1', 'H8N 3C4');
insert into registeredmail (mail_id, weight, postage, status, delivery_address, return_address, delivery_country, delivery_code, return_code) values ('4', 96.00, 1.25, 'waiting', '52 Forest Dale Pass', '7016 Spaight Pass', 'canada', 'H8N 3E1', 'H8N 3C4');
insert into registeredmail (mail_id, weight, postage, status, delivery_address, return_address, delivery_country, delivery_code, return_code) values ('5', 5.12, 1.00, 'waiting', '2 Cherokee Place', '02868 2nd Point', 'canada', 'H8N 8T1', 'H8N 3C4');
insert into registeredmail (mail_id, weight, postage, status, delivery_address, return_address, delivery_country, delivery_code, return_code) values ('6', 6.98, 1.00, 'waiting', '7 Fairview Parkway', '6 Elmside Parkway', 'canada', 'H8N 8T1', 'H8N 3C4');
insert into registeredmail (mail_id, weight, postage, status, delivery_address, return_address, delivery_country, delivery_code, return_code) values ('7', 111.11, 1.00, 'waiting', '4361 Kipling Way', '6 Reinke Point', 'canada', 'H8N 0I0', 'H8N 3C4');
insert into registeredmail (mail_id, weight, postage, status, delivery_address, return_address, delivery_country, delivery_code, return_code) values ('8', 192.50, 82.00, 'waiting', '913 Forest Dale Trail', '34720 Independence Drive', 'canada', 'H8N 0I0', 'L4T 4H6');
insert into registeredmail (mail_id, weight, postage, status, delivery_address, return_address, delivery_country, delivery_code, return_code) values ('9', 0.80, 0.85, 'waiting', '0 Service Street', '41 Golden Leaf Junction', 'canada', 'L4T 4H6', 'L4T 4H6');
insert into registeredmail (mail_id, weight, postage, status, delivery_address, return_address, delivery_country, delivery_code, return_code) values ('10', 0.80, 0.85, 'waiting', '6 Sundown Point', '011 Southridge Hill', 'canada', 'L4T 4H6', 'L4T 4H6');
insert into registeredmail (mail_id, weight, postage, status, delivery_address, return_address, delivery_country, delivery_code, return_code) values ('11', 0.80, 0.85, 'waiting', '17239 Waxwing Avenue', '2 Warrior Avenue', 'canada', 'L4T 1H1', 'L4T 4H6');
insert into registeredmail (mail_id, weight, postage, status, delivery_address, return_address, delivery_country, delivery_code, return_code) values ('12', 0.99, 0.85, 'waiting', '955 Sundown Parkway', '2 Warrior Trail', 'canada', 'L4T 1H1', 'L4T 4H6');
insert into registeredmail (mail_id, weight, postage, status, delivery_address, return_address, delivery_country, delivery_code, return_code) values ('13', 1.00, 0.85, 'waiting', '72 Schurz Place', '57300 David Drive', 'canada', 'L4T 4H6', 'L4T 1H1');
insert into registeredmail (mail_id, weight, postage, status, delivery_address, return_address, delivery_country, delivery_code, return_code) values ('14', 14.14, 0.85, 'waiting', '77 Anthes Drive', '8 Browning Parkway', 'canada', 'L4T 4H6', 'L4T 1H1');
insert into registeredmail (mail_id, weight, postage, status, delivery_address, return_address, delivery_country, delivery_code, return_code) values ('15', 15.15, 0.85, 'waiting', '3797 Mariners Cove Lane', '99955 Utah Crossing', 'canada', 'L4T 4H7', 'L4T 1H1');
insert into registeredmail (mail_id, weight, postage, status, delivery_address, return_address, delivery_country, delivery_code, return_code) values ('16', 16.16, 0.85, 'waiting', '3 Crescent Oaks Alley', '995 Killdeer Hill', 'canada', 'L4T 4H7', 'L4T 1H1');
insert into registeredmail (mail_id, weight, postage, status, delivery_address, return_address, delivery_country, delivery_code, return_code) values ('17', 17.17, 0.85, 'waiting', '2 Loftsgordon Avenue', '822 Fuller Point', 'canada', 'V5K 1B3', 'V5K 1B3');
insert into registeredmail (mail_id, weight, postage, status, delivery_address, return_address, delivery_country, delivery_code, return_code) values ('18', 18.00, 0.85, 'waiting', '88230 Lunder Crossing', '523 Pierstorff Center', 'canada', 'V5K 1B3', 'V5K 1B3');
insert into registeredmail (mail_id, weight, postage, status, delivery_address, return_address, delivery_country, delivery_code, return_code) values ('19', 199.23, 0.85, 'waiting', '62 Kinsman Court', '6 Mcguire Road', 'canada', 'V5K 1B2', 'G1A 5U3');
insert into registeredmail (mail_id, weight, postage, status, delivery_address, return_address, delivery_country, delivery_code, return_code) values ('20', 204.02, 2.25, 'waiting', '1842 Sachtjen Drive', '90 Washington Road', 'canada', 'V5K 1B2', 'G1A 5U3');
insert into registeredmail (mail_id, weight, postage, status, delivery_address, return_address, delivery_country, delivery_code, return_code) values ('22', 20.00, 1.00, 'waiting', '3694 Lynden Road', '219 Telling Street', 'canada', 'G1A 5U1', 'G1A 5U1');
insert into registeredmail (mail_id, weight, postage, status, delivery_address, return_address, delivery_country, delivery_code, return_code) values ('24', 40.00, 1.00, 'waiting', '3296 Robson St', '396 Billins', 'canada', 'G1A 4X2', 'G1A 5U1');
insert into registeredmail (mail_id, weight, postage, status, delivery_address, return_address, delivery_country, delivery_code, return_code) values ('25', 50.00, 1.00, 'waiting', '3402 Reserve St', '11 1st Avenue', 'canada', 'K1A 5N6', 'G1A 4X2');
insert into registeredmail (mail_id, weight, postage, status, delivery_address, return_address, delivery_country, delivery_code, return_code) values ('26', 60.00, 2.00, 'waiting', '3402 Reserve St', '22 2nd Avenue', 'canada', 'K1A 5N6', 'G1A 4X2');
insert into registeredmail (mail_id, weight, postage, status, delivery_address, return_address, delivery_country, delivery_code, return_code) values ('27', 70.00, 2.00, 'waiting', '3402 Reserve St', '33 3rd Avenue', 'canada', 'K1A 5N6', 'G1A 4X2');
insert into registeredmail (mail_id, weight, postage, status, delivery_address, return_address, delivery_country, delivery_code, return_code) values ('28', 80.00, 2.00, 'waiting', '3402 Reserve St', '44 4th Avenue', 'canada', 'K1A 5N6', 'G1A 4X2');
insert into registeredmail (mail_id, weight, postage, status, delivery_address, return_address, delivery_country, delivery_code, return_code) values ('29', 90.00, 2.00, 'waiting', '3556 Hammarskjold Dr', '11 1st Avenue', 'canada', 'K1A 8M9', 'G1A 4X2');
insert into registeredmail (mail_id, weight, postage, status, delivery_address, return_address, delivery_country, delivery_code, return_code) values ('30', 100.00, 2.00, 'waiting', '3556 Hammarskjold Dr', '22 2nd Avenue', 'canada', 'K1A 8M9', 'G1A 4X2');

insert into unregisteredMail (mail_id, weight, postage, status, delivery_address, return_address, delivery_country, delivery_code, return_code) values ('1', 501.00, 6.00, 'waiting', '3677 Elmside Avenue', '4204 Monterey Lane', 'canada', 'H8N 9T1', null);
insert into unregisteredMail (mail_id, weight, postage, status, delivery_address, return_address, delivery_country, delivery_code, return_code) values ('2', 1000.00, 0.85, 'waiting', '9 Little Fleur Road', '304 American Drive', 'canada', 'V5K 1B5', null);
insert into unregisteredMail (mail_id, weight, postage, status, delivery_address, return_address, delivery_country, delivery_code, return_code) values ('3', 23.89, 0.85, 'waiting', '17120 Spenser Point', '21 Lillian Circle', 'canada', 'V5K 1B4', null);
insert into unregisteredMail (mail_id, weight, postage, status, delivery_address, return_address, delivery_country, delivery_code, return_code) values ('4', 241.20, 0.85, 'waiting', '49730 Bunting Point', '9 Cherokee Terrace', 'canada', 'V5K 1B4', null);
insert into unregisteredMail (mail_id, weight, postage, status, delivery_address, return_address, delivery_country, delivery_code, return_code) values ('5', 25.25, 0.85, 'waiting', '76 Debra Street', '303 Grasskamp Center', 'canada', 'G1A 5U1', null);
insert into unregisteredMail (mail_id, weight, postage, status, delivery_address, return_address, delivery_country, delivery_code, return_code) values ('6', 26.12, 0.85, 'waiting', '71 Nancy Junction', '089 Starling Drive', 'canada', 'G1A 5U1', null);
insert into unregisteredMail (mail_id, weight, postage, status, delivery_address, return_address, delivery_country, delivery_code, return_code) values ('7', 277.95, 3.50, 'waiting', '655 Schiller Terrace', '85 Luster Junction', 'canada', 'G1A 5U2', null);
insert into unregisteredMail (mail_id, weight, postage, status, delivery_address, return_address, delivery_country, delivery_code, return_code) values ('8', 28.33, 0.85, 'waiting', '173 Valley Edge Lane', '56531 Prairieview Court', 'canada', 'G1A 5U2', null);
insert into unregisteredMail (mail_id, weight, postage, status, delivery_address, return_address, delivery_country, delivery_code, return_code) values ('9', 29.29, 0.85, 'waiting', '4711 Logan Point', '6 Dottie Court', 'canada', 'G1A 5U3', null);
insert into unregisteredMail (mail_id, weight, postage, status, delivery_address, return_address, delivery_country, delivery_code, return_code) values ('10', 30.00, 0.85, 'waiting', '873 Anniversary Drive', '598 Rowland Junction', 'canada', 'G1A 5U3', null);
insert into unregisteredMail (mail_id, weight, postage, status, delivery_address, return_address, delivery_country, delivery_code, return_code) values ('11', 31.21, 1.25, 'waiting', '43 Sutteridge Road', '4 Buhler Road', 'canada', 'G1A 5U4', null);
insert into unregisteredMail (mail_id, weight, postage, status, delivery_address, return_address, delivery_country, delivery_code, return_code) values ('12', 32.32, 1.25, 'waiting', '2 Kings Parkway', '37 Rockefeller Terrace', 'canada', 'G1A 5U4', null);
insert into unregisteredMail (mail_id, weight, postage, status, delivery_address, return_address, delivery_country, delivery_code, return_code) values ('13', 33.00, 1.25, 'waiting', '5997 Myrtle Hill', '50912 Jana Lane', 'canada', 'K1A 5N6', null);
insert into unregisteredMail (mail_id, weight, postage, status, delivery_address, return_address, delivery_country, delivery_code, return_code) values ('14', 348.12, 1.25, 'waiting', '168 Village Junction', '5937 Clemons Hill', 'canada', 'K1A 5N6', null);
insert into unregisteredMail (mail_id, weight, postage, status, delivery_address, return_address, delivery_country, delivery_code, return_code) values ('15', 3.25, 1.25, 'waiting', '83 Kipling Crossing', '0437 Stephen Place', 'canada', 'K1A 5N7', null);
insert into unregisteredMail (mail_id, weight, postage, status, delivery_address, return_address, delivery_country, delivery_code, return_code) values ('16', 3.25, 1.25, 'waiting', '41 Roth Road', '7758 School Point', 'canada', 'K1A 5N7', null);
insert into unregisteredMail (mail_id, weight, postage, status, delivery_address, return_address, delivery_country, delivery_code, return_code) values ('17', 3.25, 1.25, 'waiting', '3587 Boyd Hill', '758 Vahlen Lane', 'canada', 'K1A 5N8', null);
insert into unregisteredMail (mail_id, weight, postage, status, delivery_address, return_address, delivery_country, delivery_code, return_code) values ('18', 3.25, 1.25, 'waiting', '5347 Quincy Place', '587 Dayton Park', 'canada', 'K1A 5N8', null);
insert into unregisteredMail (mail_id, weight, postage, status, delivery_address, return_address, delivery_country, delivery_code, return_code) values ('19', 3.25, 1.25, 'waiting', '75 Debra Plaza', '7 Rutledge Park', 'canada', 'K1A 5N9', null);
insert into unregisteredMail (mail_id, weight, postage, status, delivery_address, return_address, delivery_country, delivery_code, return_code) values ('20', 4.25, 1.25, 'waiting', '957 Sunbrook Park', '48856 Glacier Hill Park', 'canada', 'K1A 5N9', null);
insert into unregisteredmail (mail_id, weight, postage, status, delivery_address, return_address, delivery_country, delivery_code, return_code) values ('21', 50.00, 1.50, 'waiting', '4361 Kipling Way', '7 Dayto Park', 'USA', 'K1A 5N7', null);
insert into unregisteredmail (mail_id, weight, postage, status, delivery_address, return_address, delivery_country, delivery_code, return_code) values ('22', 60.00, 1.50, 'waiting', '4361 Kipling Way', '7 Dayto Park', 'USA', 'K1A 5N7', null);
insert into unregisteredmail (mail_id, weight, postage, status, delivery_address, return_address, delivery_country, delivery_code, return_code) values ('23', 70.00, 1.50, 'waiting', '58 Pawling Alley', '7 Dayto Park', 'USA', 'K1A 5N7', null);
insert into unregisteredmail (mail_id, weight, postage, status, delivery_address, return_address, delivery_country, delivery_code, return_code) values ('24', 80.00, 1.50, 'waiting', '58 Pawling Alley', '7 Dayto Park', 'USA', 'K1A 5N8', null);
insert into unregisteredmail (mail_id, weight, postage, status, delivery_address, return_address, delivery_country, delivery_code, return_code) values ('25', 90.00, 1.50, 'waiting', '7 Fairview Parkway', '7 Dayto Park', 'USA', 'K1A 5N8', null);
insert into unregisteredmail (mail_id, weight, postage, status, delivery_address, return_address, delivery_country, delivery_code, return_code) values ('26', 100.00, 2.50, 'waiting', '77 Anthes Drive', '7 Dayto Park', 'USA', 'K1A 5N9', null);
insert into unregisteredmail (mail_id, weight, postage, status, delivery_address, return_address, delivery_country, delivery_code, return_code) values ('27', 110.00, 2.50, 'waiting', '955 Sundown Parkway', '7 Dayto Park', 'USA', 'K1A 5N9', null);
insert into unregisteredmail (mail_id, weight, postage, status, delivery_address, return_address, delivery_country, delivery_code, return_code) values ('28', 120.00, 2.50, 'waiting', '955 Sundown Parkway', '7 Dayto Park', 'USA', 'K1A 5N9', null);
insert into unregisteredmail (mail_id, weight, postage, status, delivery_address, return_address, delivery_country, delivery_code, return_code) values ('29', 130.00, 2.50, 'waiting', '77 Anthes Drive', '7 Dayto Park', 'USA', 'K1A 5N9', null);
insert into unregisteredmail (mail_id, weight, postage, status, delivery_address, return_address, delivery_country, delivery_code, return_code) values ('30', 140.00, 2.50, 'waiting', '3 Crescent Oaks Alley', '7 Dayto Park', 'USA', 'K1A 5N9', null);
